{"antecedent":["Green Regency Teacup And Saucer","Roses Regency Teacup And Saucer"],"consequent":["Pink Regency Teacup And Saucer"],"confidence":0.7002551020408163,"lift":20.285542306810367,"support":0.02365971384244096}
{"antecedent":["Pink Regency Teacup And Saucer","Roses Regency Teacup And Saucer"],"consequent":["Green Regency Teacup And Saucer"],"confidence":0.8941368078175895,"lift":19.62871380189153,"support":0.02365971384244096}
{"antecedent":["Gardeners Kneeling Pad Cup Of Tea"],"consequent":["Gardeners Kneeling Pad Keep Calm"],"confidence":0.7176470588235294,"lift":18.021950598421185,"support":0.02365971384244096}
{"antecedent":["Gardeners Kneeling Pad Keep Calm"],"consequent":["Gardeners Kneeling Pad Cup Of Tea"],"confidence":0.5941558441558441,"lift":18.021950598421185,"support":0.02365971384244096}
{"antecedent":["Pink Regency Teacup And Saucer","Green Regency Teacup And Saucer"],"consequent":["Roses Regency Teacup And Saucer"],"confidence":0.8524844720496895,"lift":17.66165150842946,"support":0.02365971384244096}
{"antecedent":["Green Regency Teacup And Saucer"],"consequent":["Pink Regency Teacup And Saucer"],"confidence":0.609271523178808,"lift":17.649858207042524,"support":0.027753835545595587}
{"antecedent":["Pink Regency Teacup And Saucer"],"consequent":["Green Regency Teacup And Saucer"],"confidence":0.8039950062421972,"lift":17.64985820704252,"support":0.027753835545595587}
{"antecedent":["Spaceboy Lunch Box"],"consequent":["Dolly Girl Lunch Box"],"confidence":0.5925110132158591,"lift":15.986773896117203,"support":0.02318565764523358}
{"antecedent":["Dolly Girl Lunch Box"],"consequent":["Spaceboy Lunch Box"],"confidence":0.6255813953488372,"lift":15.986773896117201,"support":0.02318565764523358}
{"antecedent":["Roses Regency Teacup And Saucer"],"consequent":["Pink Regency Teacup And Saucer"],"confidence":0.5482142857142858,"lift":15.881103977171396,"support":0.026460955007757282}
{"antecedent":["Pink Regency Teacup And Saucer"],"consequent":["Roses Regency Teacup And Saucer"],"confidence":0.766541822721598,"lift":15.881103977171394,"support":0.026460955007757282}
{"antecedent":["Green Regency Teacup And Saucer"],"consequent":["Roses Regency Teacup And Saucer"],"confidence":0.7417218543046358,"lift":15.366887417218544,"support":0.03378727805550767}
{"antecedent":["Roses Regency Teacup And Saucer"],"consequent":["Green Regency Teacup And Saucer"],"confidence":0.7,"lift":15.36688741721854,"support":0.03378727805550767}
{"antecedent":["Charlotte Bag Pink Polkadot"],"consequent":["Red Retrospot Charlotte Bag"],"confidence":0.6921052631578948,"lift":15.2948671679198,"support":0.022668505430098258}
{"antecedent":["Red Retrospot Charlotte Bag"],"consequent":["Charlotte Bag Pink Polkadot"],"confidence":0.5009523809523809,"lift":15.294867167919799,"support":0.022668505430098258}
{"antecedent":["Strawberry Charlotte Bag"],"consequent":["Red Retrospot Charlotte Bag"],"confidence":0.667574931880109,"lift":14.752770208901,"support":0.021117048784692293}
{"antecedent":["Alarm Clock Bakelike Green"],"consequent":["Alarm Clock Bakelike Red"],"confidence":0.6453546453546454,"lift":13.852737456807763,"support":0.027840027581451474}
{"antecedent":["Alarm Clock Bakelike Red"],"consequent":["Alarm Clock Bakelike Green"],"confidence":0.5975948196114709,"lift":13.852737456807763,"support":0.027840027581451474}
{"antecedent":["Woodland Charlotte Bag"],"consequent":["Red Retrospot Charlotte Bag"],"confidence":0.6014234875444839,"lift":13.290886290459245,"support":0.021849681089467332}
{"antecedent":["Paper Chain Kit Vintage Christmas"],"consequent":["Paper Chain Kit 50'S Christmas"],"confidence":0.6670673076923077,"lift":13.229598126232741,"support":0.02391828995000862}
{"antecedent":["Alarm Clock Bakelike Pink"],"consequent":["Alarm Clock Bakelike Red"],"confidence":0.5969962453066333,"lift":12.814709413594006,"support":0.02055680055162903}
{"antecedent":["Charlotte Bag Suki Design"],"consequent":["Red Retrospot Charlotte Bag"],"confidence":0.5704697986577181,"lift":12.60683924576542,"support":0.021978969143251162}
{"antecedent":["Wooden Frame Antique White"],"consequent":["Wooden Picture Frame White Finish"],"confidence":0.5521783181357649,"lift":11.460416542059292,"support":0.023487329770729183}
{"antecedent":["Jumbo Bag Vintage Leaf"],"consequent":["Jumbo Bag Vintage Doily"],"confidence":0.5853107344632769,"lift":10.882652469940606,"support":0.02232373728667471}
{"antecedent":["Heart Of Wicker Large"],"consequent":["Heart Of Wicker Small"],"confidence":0.524416135881104,"lift":10.040059419954733,"support":0.02128943285640407}
{"antecedent":["Lunch Bag Pink Polkadot"],"consequent":["Lunch Bag Red Retrospot"],"confidence":0.5522522522522523,"lift":7.969192326655015,"support":0.02641785898982934}
{"antecedent":["Lunch Bag Woodland"],"consequent":["Lunch Bag Red Retrospot"],"confidence":0.5130183220829315,"lift":7.403033050753946,"support":0.02292708153766592}
{"antecedent":["Jumbo Bag Pink Polkadot"],"consequent":["Jumbo Bag Red Retrospot"],"confidence":0.6766856214459789,"lift":7.354479231865336,"support":0.0358989829339769}
{"antecedent":["Lunch Bag Suki Design"],"consequent":["Lunch Bag Red Retrospot"],"confidence":0.5076569678407351,"lift":7.325666841900758,"support":0.028572659886226513}
{"antecedent":["Jumbo Bag Scandinavian Blue Paisley"],"consequent":["Jumbo Bag Red Retrospot"],"confidence":0.6691176470588235,"lift":7.272227579556412,"support":0.023530425788657126}
{"antecedent":["Lunch Bag Black Skull"],"consequent":["Lunch Bag Red Retrospot"],"confidence":0.5003861003861004,"lift":7.220745692387485,"support":0.02792621961730736}
{"antecedent":["Jumbo Bag Strawberry"],"consequent":["Jumbo Bag Red Retrospot"],"confidence":0.6503579952267303,"lift":7.068340478333044,"support":0.023487329770729183}
{"antecedent":["Jumbo Bag Baroque Black White"],"consequent":["Jumbo Bag Red Retrospot"],"confidence":0.6261879619852164,"lift":6.805651273960169,"support":0.02555593863127047}
{"antecedent":["Jumbo Bag Woodland Animals"],"consequent":["Jumbo Bag Red Retrospot"],"confidence":0.6169724770642202,"lift":6.705493844401951,"support":0.02318565764523358}
{"antecedent":["Red Hanging Heart T-Light Holder"],"consequent":["Cream Hanging Heart T-Light Holder"],"confidence":0.6657824933687002,"lift":6.684905658211735,"support":0.021634200999827616}
{"antecedent":["Jumbo Storage Bag Suki"],"consequent":["Jumbo Bag Red Retrospot"],"confidence":0.6103247293921732,"lift":6.633243569468846,"support":0.03158938114118255}
{"antecedent":["Jumbo Bag Pink Vintage Paisley"],"consequent":["Jumbo Bag Red Retrospot"],"confidence":0.5952109464082098,"lift":6.468981171173818,"support":0.022496121358386485}
{"antecedent":["Jumbo Shopper Vintage Red Paisley"],"consequent":["Jumbo Bag Red Retrospot"],"confidence":0.5754001684919966,"lift":6.253670027957044,"support":0.02943458024478538}
{"antecedent":["Jumbo Bag Apples"],"consequent":["Jumbo Bag Red Retrospot"],"confidence":0.5555555555555556,"lift":6.037991152745251,"support":0.02391828995000862}
